USE employeeManagement;
INSERT INTO projects(pname, pnumber, plocation, dnum) VALUES
('ProductX', 1, 'Bellaire', 3),
('ProductY', 2, 'Sugarland', 2),
('ProductZ', 3, 'Houston', 5),
('Computerization', 10, 'Stafford', 5),
('Reorganization', 20, 'Houston', 1),
('Newbenefits', 30, 'Stafford', 6);

INSERT INTO worksOn(employeeSsn,pno,hours) VALUES
(123456789, 1, 32.5),
(123456789, 2, 7.5),
(666884444, 3, 40.0),
(453453453, 1, 20.0),
(453453453, 2, 20.0),
(333445555, 2, 10.0),
(333445555, 3, 10.0),
(333445555, 10, 10.0),
(333445555, 20, 10.0),
(999887777, 30, 30.0),
(999887777, 10, 10.0),
(987987987, 10, 35.00),
(987987987, 30, 5.0),
(987654321, 30, 20.0),
(987654321, 20, 15.0),
(888665555, 20, NULL);

INSERT INTO deptLocations(dnumber, dlocation)VALUES
(1, 'Houston'),
(3, 'Stafford'),
(5, 'Bellaire'),
(2, 'Sugarland'),
(6, 'Houston');

INSERT INTO stacks (id, stack)VALUES
(1, 'HTML'),
(2, 'CSS'),
(3, 'JavaScript'),
(4, 'PHP'),
(5, 'Python'),
(6, 'Ruby'),
(7, 'React'),
(8, 'Angular'),
(9, 'Node.js'),
(10, 'Python'),
(11, 'Machine Learning Algorithms'),
(12, 'Deep Learning'),
(13, 'Natural Language Processing'),
(14, 'Data Visualization'),
(15, 'TensorFlow'),
(16, 'Network Security'),
(17, 'Firewall Management'),
(18, 'Ethical Hacking'),
(19, 'Incident Response'),
(20, 'Cryptography'),
(21, 'Security Auditing'),
(22, 'Web Development'),
(23, 'Front-End Development'),
(24, 'Back-End Development'),
(25, 'Database Design'),
(26, 'HTML'),
(27, 'CSS'),
(28, 'JavaScript'),
(29, 'React'),
(30, 'Node.js'),
(31, 'Data Modeling'),
(32, 'Diffusion Models'),
(33, 'Data Visualization'),
(34, 'Image Processing');

Insert Into skills(employeeSsn,stackId)VALUES
(333445555, 1),
(453453453, 2),
(333445555, 3),
(453453453, 3),
(333445555, 5),
(453453453, 6),
(333445555, 7),
(453453453, 8),
(333445555, 9),
(453453453, 10),
(333445555, 10),
(453453453, 12),
(333445555, 13),
(453453453, 15),
(333445555, 15),
(453453453, 16),
(333445555, 17),
(453453453, 18),
(333445555, 19),
(453453453, 20);

INSERT INTO projectRequirements(pnumber,stackId)VALUES
(2, 1),
(3, 2),
(2, 3),
(30, 4),
(3, 5),
(30, 6),
(2, 7),
(3, 8),
(2, 9),
(30, 10),
(2, 11),
(3, 12),
(3, 13),
(2, 14),
(30, 15),
(30, 16),
(3, 17),
(2, 18),
(3, 19),
(2, 20);

